,ADA,BCH,BTC,DOGE,ETH,LINK,LTC,XLM,XRP,Total,Invested
2020-08-24,18.957768,557.4404375,1075.5992656679116,14.062050449045495,344.04130969999994,116.10866000000001,1666.0519049999998,7.899069999999999,331.86830599999996,4132.028772316957,2447.501888520344
2020-08-25,17.165727999999998,526.2540300000001,1031.7483139771825,13.505003262183699,321.7718768,107.82031999999998,1559.7293599999998,7.426773599999999,316.680192,3902.101597639366,2453.080840452749
2020-08-26,17.385029999999997,522.5015249999999,1040.3822344770686,13.462437641276525,322.72425899999996,115.59599999999999,1546.4767499999998,7.4521394999999995,315.417375,3901.397750618345,2457.2913204454067
2020-08-27,16.300832,503.0334875,1028.0668893481052,13.074824261081606,320.29766340000003,110.39555999999999,1492.582945,7.130853699999999,301.664231,3792.5472862091865,2461.433389199424
2020-08-28,16.499928,506.88594,1038.5087716061214,13.239845980941316,328.0602336,114.12576,1515.8648400000002,7.2234359999999995,307.51306800000003,3847.921823187063,2476.507262727672
2020-08-29,17.553171999999996,506.1076474999999,1033.7810727148153,13.293265550355704,331.19376289999997,123.56707999999999,1507.8809199999998,7.2705177999999995,310.20171,3850.8491484651713,2481.0414578957866
2020-08-30,17.70725,526.282075,1053.2792422440962,13.354720384318284,355.48547649999995,124.1768,1658.3028,7.3971095,319.86075,4075.846223628414,2471.2138347133614
2020-08-31,18.47545,515.691285,1048.6785868114464,12.996571253012057,359.841438,117.48878,1608.683825,7.301196200000001,318.07938,4007.2365122644583,2476.0707149174746
2020-09-01,18.6999,548.248775,1068.7692628242737,13.080364896280363,393.04185799999993,120.38530000000002,1648.5952,7.425888,332.64794,4150.894488720553,2467.547555035578
2020-09-02,17.33841,497.7625124999999,1025.566445707208,12.634486174839122,364.83772049999993,111.666,1533.4835249999999,6.967053,312.355455,3882.6116078820473,2470.77118801564
2020-09-03,14.454269199999999,409.02246,926.1450686786603,11.38523630833353,321.3351141,90.97039000000001,1263.6774149999999,5.967014900000001,281.2125050000001,3324.1694731869934,2510.060089450384
2020-09-04,15.445232,437.26652750000005,947.9356875813947,11.764246387956485,322.24515510000003,94.02436999999999,1339.22019,6.1385676,289.590499,3463.630475169351,2481.809018094606
2020-09-05,13.620600000000001,426.6842125,918.2133177072457,11.239905608291252,278.9188633,80.2102,1265.9591,5.6994644,269.248994,3269.7946575155365,2462.844583196671
2020-09-06,14.062235999999999,432.26948999999996,929.4501069867109,11.368296796975612,294.4937456999999,97.1904,1272.96645,5.8762227,273.021501,3330.698449183686,2466.7239143556562
2020-09-07,14.270255999999998,435.90219749999994,943.7740924841544,11.532015312145024,296.4455109,95.05881,1302.54201,5.991678,276.7149,3382.2314701962987,2452.665337910277
2020-09-08,14.044663199999997,429.06747,932.6226299793518,11.390735563424595,286.29523559999996,90.663,1281.4347,5.9706408,273.73281599999996,3325.2218911427763,2437.5560206576415
2020-09-09,14.3753386,431.4642875,939.6169635002344,11.504012264721455,297.243364,95.05502,1289.25111,6.029138100000001,276.15254999999996,3360.6917839649554,2446.95199865309
2020-09-10,15.1499236,443.58270999999996,962.6440688457493,11.77345534283194,315.7477202,97.525,1328.7586199999998,6.3297626,284.3829,3465.894160588581,2423.0397530254877
2020-09-11,15.1471414,439.5536175,967.968732004941,11.730654338974515,320.86223509999996,97.11907999999998,1337.534275,6.5352397,283.979625,3480.4306000439155,2422.6668104553264
2020-09-12,15.301386000000003,450.49904999999995,975.7604681907466,11.840955434345524,334.020753,99.5976,1392.4480500000002,6.564672000000001,290.68875,3576.721684625092,2441.8034191349957
2020-09-13,14.8746522,434.35251750000003,964.6074809838026,11.700042195150367,315.126086,94.42361,1317.8234650000002,6.2560531,283.990546,3443.1544529789535,2446.4770280821217
2020-09-14,15.0820104,440.57481999999993,994.088266766613,11.680013685623445,323.717724,94.74056,1340.5711199999998,6.256466800000001,287.49936,3514.2103416522364,2451.2251739497447
2020-09-15,14.524554800000002,458.63937,1003.8674736011285,11.851232748365028,312.29196460000003,85.23214,1318.5248300000003,6.066844,284.58801,3495.586419749494,2456.1752459568143
2020-09-16,14.1986916,447.57841500000006,1014.2675679291108,11.694550463715245,311.441031,83.32092000000002,1296.55575,6.0993395999999995,286.88308200000006,3472.039347592826,2466.743894857326
2020-09-17,14.5579392,450.46748249999996,1010.207713492066,11.675368365482022,331.36410450000005,85.18437,1322.5627800000002,6.222095400000001,292.574655,3524.8165084575485,2456.0468486109585
2020-09-18,14.1177918,454.31016750000003,1012.9598843089137,11.635337679223975,328.19945619999993,78.32867,1318.040955,6.070666,291.81117,3515.4740984881378,2446.862517083675
2020-09-19,14.217911399999998,453.3796575,1028.539637210857,11.660500546528683,329.54415339999997,78.70323999999998,1320.69014,6.1096112,293.02958299999995,3535.8744342573855,2462.132152568293
2020-09-20,13.8758208,439.07361,1011.951994513784,11.570078024969716,316.8573804,75.590304,1279.62366,5.9712924,287.0739,3441.588040138754,2456.957103617975
2020-09-21,12.485412,415.3593,972.3265834191897,10.913890548925844,292.562622,68.12002,1181.0155,5.466962,270.74404000000004,3228.994329968116,2447.4678235917586
2020-09-22,12.803882800000002,432.2646475,987.6846785990454,11.162599506062657,297.5055886,68.68766000000001,1223.2140550000001,5.6301876,274.67205000000007,3313.625349605108,2441.1541254639815
2020-09-23,12.053899,408.54742500000003,961.2970980110654,10.752680098205763,277.08159049999995,60.05714,1182.5814,5.294718,261.21238000000005,3178.878330609271,2436.1244525701254
2020-09-24,12.9488752,423.98780999999997,1005.0593876938319,11.086493964361123,301.1397884,77.42027999999999,1233.23368,5.5198228,273.80266399999994,3344.198802058193,2437.3594685565927
2020-09-25,15.2160714,424.748635,1001.2094603885266,11.393044788395407,303.78377150000006,84.21977000000001,1263.689,5.855354,284.330025,3394.4451320769217,2432.0337512956316
2020-09-26,15.0021558,434.6688825,1006.1468005837509,11.387767481154688,305.8997238,81.08424,1265.52699,5.800823100000001,284.61982499999993,3410.137208264905,2437.5227302092067
2020-09-27,15.891944,449.63769,1008.7101069733565,11.360494765761684,308.44804320000003,84.63676,1264.80578,5.755142800000001,286.156964,3435.402925739118,2437.3594685565927
2020-09-28,15.620721999999997,439.51774750000004,994.1343003718512,11.089627029657803,303.2000829,80.05036,1232.44849,5.701641399999999,281.507837,3363.2708082015088,2451.648023089359
2020-09-29,15.753402,446.11266,1008.0708780798429,11.191622546270633,308.3436279,79.00074000000001,1245.62508,5.7715727999999995,283.756011,3403.6255943261135,2450.9855491565354
2020-09-30,15.739308000000001,442.29939,998.2359497310887,10.990038008139065,307.12217250000003,76.593309,1256.04024,5.8122129,281.37505500000003,3394.2076751392283,2446.2321261221696
2020-10-01,15.2628672,443.94098,986.6643373278581,10.980775850268003,302.23559520000003,75.02997599999999,1260.3074399999998,5.693996,278.12232,3378.238287578126,2452.623608892245
2020-10-02,14.4007288,425.71398500000004,978.2911309601751,10.792609215108563,294.7845934,71.46861799999999,1218.5411,5.5006876,271.94053399999996,3291.433986975284,2452.734558090636
2020-10-03,14.482652799999999,424.18972749999995,976.7999319644284,10.83016730558101,295.3829263,71.955247,1236.80116,5.5078485,270.96751499999993,3306.917176370009,2451.7515828196792
2020-10-04,15.044295199999999,428.95501,988.8433105187459,10.98877134692049,301.0070536,72.93827199999998,1269.0808899999997,5.6606374,288.77871,3381.296950065666,2452.699058634243
2020-10-05,15.0374196,427.936425,994.4130067690804,10.862857590657692,300.2225919,74.26057800000001,1251.998755,5.655632499999999,289.77685099999997,3370.1641173597377,2451.818849486368
2020-10-06,14.4573996,427.406895,984.6031140140204,10.860856298176587,291.7401762,68.240358,1252.902,5.6318334,286.681098,3342.5237305121977,2447.0924066257558
2020-10-07,14.5615716,433.1461724999999,988.8847167819664,10.806529590816952,291.9211416,69.74766000000001,1265.71032,5.614764299999999,289.856673,3370.2495493727833,2455.990560700339
2020-10-08,14.9161152,452.65578,1009.6372748573696,10.860520958083084,298.76984939999994,74.01533699999999,1279.1435999999999,5.6616816000000005,291.77172599999994,3437.4318850154527,2441.412101415573
2020-10-09,15.565758,455.52506999999997,1013.4104762487366,10.966291737767811,308.4555474,79.9032,1284.559185,5.76225,291.562167,3465.7099453865044,2438.502139853989
2020-10-10,16.104247999999995,455.3787,1034.7235349830567,10.981051001113956,312.91137239999995,80.75151999999999,1312.67276,5.935083199999999,292.4556,3521.9138695841702,2438.173875493422
2020-10-11,16.36905,459.2556,1042.9031609133276,11.026965723724203,316.313063,83.38225,1358.32375,5.928977499999999,294.41235,3587.9151671370523,2446.921121674648
2020-10-12,16.788539999999998,459.2700599999999,1054.99835857103,10.987344001907116,325.94528779999996,87.62237999999999,1357.38029,5.950349199999999,294.37440000000004,3613.317009572937,2438.779503863516
2020-10-13,16.917264,490.6897349999999,1055.843583650316,10.981285309256211,324.6689424,85.20599999999999,1353.1100099999999,5.915620199999999,298.02734999999996,3641.359790559572,2442.3580185412666
2020-10-14,16.49084,499.00202999999993,1050.1787643761782,10.928719674791466,321.00036539999996,83.91834,1342.8860899999997,5.7032106,287.93469,3618.0430500509688,2443.051817618951
2020-10-15,16.551304,508.25067999999993,1064.9764988046957,10.816233494772723,322.1446843999999,83.377,1344.54138,5.7425424,285.979232,3642.379555099468,2431.915371819573
2020-10-16,16.152156,485.243505,1047.9963293506423,10.856545243320676,311.79091680000005,82.15722000000001,1292.2112700000002,6.1257168,279.29575800000003,3531.8294171939638,2437.42839416435
2020-10-17,16.48512,475.81343999999996,1054.3351651805594,10.79397852049037,315.05474879999997,82.65888000000001,1277.24688,6.3483263999999995,280.63584000000003,3519.3723789010496,2456.9183080449598
2020-10-18,16.659888,483.45087,1064.9574593413813,10.782888651628914,322.55420119999997,84.85063999999998,1290.24938,6.1598152,281.77547999999996,3561.44062239301,2446.5693434214486
2020-10-19,16.80042,482.934725,1084.7970116695835,10.774477204283523,322.65933700000005,84.38884999999999,1299.209275,6.5817115,284.9574,3593.1032073738675,2437.834253298533
2020-10-20,15.857664,465.857595,1100.563275369449,10.793943051826634,313.8369531,76.338237,1270.2004349999997,6.255569700000001,282.46464000000003,3542.1683122212758,2443.322089371435
2020-10-21,16.200582,494.22101250000003,1167.1170337760323,10.782112102854695,328.68058959999996,82.53271,1419.96036,6.402213,287.977201,3813.873813978887,2451.596715299482
2020-10-22,17.003368,513.8032625,1187.4241252951695,10.91078327902097,349.34401699999995,91.69235,1459.8649799999998,6.559647699999999,295.909245,3932.5117787741897,2451.718121217586
2020-10-23,16.595280000000002,519.3515924999999,1185.0084443323672,10.908487489150058,345.84409860000005,93.42527999999999,1490.002605,6.4299026999999995,293.63657700000005,3961.2022676215174,2448.179504803036
2020-10-24,16.603920000000002,529.7303875,1202.6830924604708,10.889380627476276,348.4763084,97.62490000000001,1593.015445,6.573153700000001,295.41141,4101.007997687948,2442.7167244929196
2020-10-25,16.34304,520.224,1194.1063288339583,10.949627914659843,342.853632,93.312,1580.544,6.375936,291.5712,4056.279764748618,2442.3867649984345
2020-10-26,15.904206,500.0723549999999,1201.4028655976585,11.046417061359422,333.1614924,90.31923,1533.6143550000002,6.2506151999999995,287.039295,3978.8108312590184,2453.0836091741503
2020-10-27,15.79014,508.58178749999996,1252.7974654944744,11.041314410417403,341.5510395,91.7244,1560.46905,6.301435499999999,291.571245,4079.8278774048913,2443.360756331667
2020-10-28,15.2357622,517.674735,1222.788948329458,10.702411328419924,329.84599230000003,88.30536,1507.250535,6.0424332000000005,284.244456,3982.090633357878,2446.3223905810933
2020-10-29,14.778768600000001,517.9973125,1244.800500856886,10.720386954682128,330.2498892,87.45384,1489.73895,6.0000466999999995,281.89908,3983.638774811568,2442.652703816754
2020-10-30,14.463366,506.83789,1253.7998170555743,10.75927565744867,326.07216839999995,85.95859,1464.667715,5.9403664,277.881101,3946.380289513023,2451.7856022389115
2020-10-31,14.42244,507.22791000000007,1275.5120595427306,10.696767511653931,329.5930748,87.07742,1512.18508,6.0163286000000005,278.686514,4021.4175944543845,2457.6179557097253
2020-11-01,15.212196,517.9995,1269.7631348984744,10.706570835348964,337.52050199999996,89.5518,1505.3913,6.074351999999999,278.42328000000003,4030.642635733824,2432.626271130502
2020-11-02,14.325745600000001,499.13284,1256.2242915170839,10.503178470174854,327.4025568,83.73904,1462.7144,5.8594024,274.05503999999996,3933.956494787259,2451.4145543999216
2020-11-03,14.2956246,465.71163500000006,1277.5013102958321,10.32054602136622,325.7888359,79.36921000000001,1441.899445,5.7536948,274.331768,3894.972069617199,2442.5383193362513
2020-11-04,14.768120000000001,465.02180999999996,1304.3110643957493,10.579158796745316,341.8409984,80.95404,1479.20892,5.7595668,275.351984,3977.7956623924943,2446.627829952346
2020-11-05,14.875700799999999,475.5625175,1418.828629540606,10.800286031191424,349.40583590000006,83.74446000000002,1573.3738300000002,6.122955600000001,280.97868000000005,4213.692895371798,2447.2675314953576
2020-11-06,16.63775,491.1262499999999,1416.9345882334494,11.297373979411502,382.1261124999999,92.79625,1690.1193749999998,6.398899999999999,295.8805,4403.31709971286,2461.032257412136
2020-11-07,15.444198,483.41254499999997,1348.1669213103596,10.938003866226364,364.9617972,89.64648,1572.2818650000002,6.0572358,284.726673,4175.6357191765865,2452.665337910277
2020-11-08,16.209596,514.5900475,1404.434537675798,11.060484148358722,380.111985,96.63413,1624.30492,6.1956847,289.43860700000005,4342.979992024158,2451.8567907733377
2020-11-09,16.059648,501.88300999999996,1390.8818577132758,10.918914201480451,371.4713684,95.12603999999999,1576.61336,6.0535444,285.72790399999997,4254.735646714756,2452.179276212082
2020-11-10,16.018434,485.5446,1380.0757964344084,11.221770910446232,374.61807899999997,98.319,1533.70077,6.0209043,287.8175279999999,4193.336882644854,2447.253373528557
2020-11-11,16.08868,486.6256525,1420.1156844782188,11.248113916926156,386.6580322,96.75975,1576.1594100000002,6.0977615,291.18993000000006,4290.943014595145,2462.516959921698
2020-11-12,15.984971999999999,495.09859500000005,1485.5496687919915,11.411418631018647,388.66863420000004,94.7484,1623.597885,6.1578819,292.04666100000003,4413.26411652301,2462.4267360253293
2020-11-13,16.166104,491.0283,1480.5069345792438,11.486926579476629,398.3461856,97.86347999999998,1753.06418,6.2641751999999995,302.85971600000005,4557.586001958721,2452.179276212082
2020-11-14,15.846102,485.5627725,1458.5931406890977,11.32571344173657,385.5435771,95.59416,1699.5363,6.1611044999999995,306.083976,4464.246846230834,2442.9725720665833
2020-11-15,15.269970000000002,455.8010075,1445.0764095517918,11.31712841290047,374.296593,92.07563999999999,1655.9940600000002,6.072282100000001,307.002367,4362.9054575646915,2447.0113313907254
2020-11-16,15.757474,471.90904750000004,1512.1211139826623,11.777138709820525,383.8582847,95.69745999999999,1957.3618749999998,6.2514252,327.48702099999997,4782.220840092483,2443.3377563960853
2020-11-17,16.57611,481.25594250000006,1595.2514033571986,11.958775886428564,401.2917282,101.34891,2020.7716200000002,6.5358315,343.231443,4978.221764443627,2447.327800798334
2020-11-18,16.120052,464.056375,1603.8661156338314,11.820173484416209,397.7403562,102.52716,1944.2733449999998,6.3172155000000005,332.646195,4879.366987818247,2457.994998309415
2020-11-19,16.029024,464.37248000000005,1608.0545604182926,11.8229824951033,392.21462720000005,103.07616,2159.30176,6.3548496000000005,344.64672,5105.873163713397,2456.5369781854856
2020-11-20,17.85147,489.783675,1680.057389054109,12.111428178512343,423.3823935,106.30905,2178.6187499999996,6.680342999999999,373.364325,5288.158823732621,2456.5158739702347
2020-11-21,20.122968,574.47828,1684.1642927684807,14.24987099603151,458.4224964,116.6166,2299.6869,8.242416,523.98216,5699.9659841645125,2447.9852984030294
2020-11-22,22.02556,544.1708775,1657.913984708033,13.54320570004735,465.0221785,109.44892999999999,2187.01742,7.859806,504.423039,5511.42500140808,2433.9728046031887
2020-11-23,23.25843,607.240725,1650.3390566130531,14.901926910154137,504.0267375,114.93728999999999,2345.71428,9.943166999999999,693.8990760000002,5964.260689023207,2443.860919852591
2020-11-24,25.086688,651.58621,1714.7142454955815,17.170604749467934,499.134317,117.55633999999999,2342.91211,14.673911999999998,779.697864,6162.53229124505,2447.8707874530905
2020-11-25,23.17406,586.0176,1673.4044863124195,14.925278188588324,469.202811,106.358,2143.8627,14.478169999999999,709.1831599999999,5740.606265501008,2447.6503977841026
2020-11-26,20.765536,508.67311,1535.5161934959322,13.098683923696013,428.81732079999995,94.5252,1863.4592899999998,12.610862,603.618422,5081.084618219628,2428.9720260714016
2020-11-27,21.349408000000004,499.6145400000001,1539.900509208089,13.249265598183205,429.26839119999994,94.10000000000001,1821.9642000000001,15.54532,634.0006320000001,5068.992266006273,2437.587580933498
2020-11-28,24.866919999999997,520.2977,1594.9500926656817,13.752576684676965,445.910322,98.6986,1917.4974,15.08754,707.88536,5338.946511350359,2451.999255150298
2020-11-29,25.066636,536.3710925,1632.7139192359407,13.891370939915891,476.4338469,100.65774,2078.266365,14.602143,683.0583079999999,5561.061421575856,2437.8242867920335
2020-11-30,25.79312,594.8538299999999,1762.4776997759704,14.348889831910492,508.3614008,106.99646,2300.46138,15.198446,746.920768,6075.41199440788,2438.970815155697
2020-12-01,23.255975999999997,537.3647475,1673.9717355847874,13.337202626260671,481.23280259999996,99.76455,2226.3561600000003,13.727901,685.311465,5754.322540311047,2447.6251418469706
2020-12-02,23.76866,551.759075,1719.1857848032726,13.547028254670902,493.07822740000006,104.82204000000002,2335.1021400000004,13.886296,708.958394,5964.107645457944,2448.4151575203937
2020-12-03,24.458960000000005,544.7524925,1728.8301104011055,13.741448660131795,505.2617119,104.17429000000001,2323.37749,13.735794000000002,705.1413769999999,5963.473674461237,2452.599344181284
2020-12-04,22.063584,522.0508199999999,1661.6510483880018,13.168715188030756,465.8745167999999,94.64352,2078.9479199999996,12.061824,619.609032,5490.070980376033,2453.060470485143
2020-12-05,23.844288,539.79576,1704.1489087796706,13.591351186644998,489.4468832,98.19552,2170.14336,12.801952,654.592064,5706.5600871663155,2442.8790053080365
2020-12-06,23.700258,534.5811975,1725.4732419801278,13.587326030714957,494.24297010000004,100.87917,2183.79882,13.134453,696.0812070000001,5785.478643610843,2447.5018733508905
2020-12-07,23.115399999999998,532.3859375,1717.1399998690576,13.454811878573283,488.081671,98.09034999999999,2191.23485,12.615904999999998,684.5760799999998,5760.69500524763,2444.123095013736
2020-12-08,21.171528,501.79295250000007,1639.7805447518167,12.77972712841407,457.77431700000005,91.01358,2013.881625,11.455416,628.615953,5378.265643380232,2457.5316978712344
2020-12-09,22.19408,503.80936499999996,1659.3354340707438,12.716960491297254,472.91235639999996,94.62476,2031.2082,12.89656,655.572634,5465.270349962041,2453.137328702741
2020-12-10,21.361626,499.755165,1639.5667900511191,12.555803780976774,462.42124500000006,89.72184,1967.4072600000002,12.080835,646.080045,5350.950609832096,2453.3417900818604
2020-12-11,21.117880000000003,491.25980000000004,1631.507842146139,12.517933996186645,454.06246600000003,88.15540000000001,1914.9354,11.430639999999999,623.39436,5248.381722142326,2456.6925608262404
2020-12-12,21.896815999999998,507.482215,1701.7905180398266,12.879801425741197,473.6232776,92.72786,2032.99957,12.040216,575.519292,5430.959566065567,2447.7906174543405
2020-12-13,23.161229999999996,518.4034875,1720.0443715127612,13.165806757604404,488.4592184999999,97.2441,2163.1175999999996,13.233914999999998,579.173535,5616.0032642703645,2434.206506362291
2020-12-14,23.861288,520.237685,1728.2546919034082,13.025027332004251,484.52764469999994,96.54204999999999,2165.6973799999996,12.787125999999999,560.54493,5605.477822935412,2452.485152454929
2020-12-15,22.93158,537.319125,1728.5403329430756,12.852360502897445,482.7962370000001,94.52940000000001,2122.103025,12.397665,523.3335450000001,5536.803270445973,2456.6366364943715
2020-12-16,24.932592,578.8744200000001,1888.960627445427,13.622056301360454,519.9735816,100.04184000000001,2413.908,14.364792000000001,634.2311520000002,6188.909061346787,2456.5902977774513
2020-12-17,24.121108,573.42989,2008.7624368096551,14.763606645239676,522.3991321999999,99.20064,2612.80019,13.743422,639.6448409999999,6508.865266654895,2457.7412042545784
2020-12-18,24.4728,580.98798,2045.6505673279194,15.41149552877732,533.4988824000001,100.116,2838.2886000000003,13.734432,649.285632,6801.446389256696,2456.5902977774513
2020-12-19,24.411694,590.7726524999999,2112.6872450080573,15.686038570809844,537.8826299000001,100.06863000000001,3117.319835,13.476206000000001,642.749651,7155.054581978867,2447.874121823894
2020-12-20,24.22872,652.885485,2094.6160986620907,18.638763446724152,524.9870076000001,97.66268,3000.21099,13.213626,623.7624140000001,7050.2057847088145,2447.41816781783
2020-12-21,22.7672,583.633,2020.1762732138334,19.129486382015607,498.018345,91.635,2724.3160000000003,12.307400000000003,574.7377,6546.720404595849,2452.1347644573825
2020-12-22,23.403010000000002,604.3098325000001,2125.170637380528,18.14605426626348,523.8722665,95.55606,2992.74402,12.11274,501.6020219999999,6896.916642646792,2456.50877651935
2020-12-23,20.246002,511.1075725,2059.4383680093338,14.947416546203547,478.6137048,81.47419000000001,2663.39647,9.447144000000002,290.314003,6128.984870855538,2449.0471561426816
2020-12-24,22.622579999999996,548.8748025,2093.9638061770543,18.16865586612325,498.0708458,85.53701,2879.6843949999998,11.703119,378.59553,6537.220744343177,2448.7775987686355
2020-12-25,23.255456,588.54306,2175.9636171333386,18.060423238732845,508.6009544,85.2159,3295.5312599999997,11.244072000000001,351.80517399999997,7058.219916772071,2433.5092763721987
2020-12-26,23.373504000000004,596.751085,2332.360334611856,17.89389463806835,516.7979124,81.01044,3346.9190300000005,10.830904000000002,326.04857599999997,7251.985680649925,2424.2160837919464
2020-12-27,22.78731,622.26885,2310.2985809709503,17.99693701766539,554.7340095000001,89.48475,3294.88005,10.69398,313.653255,7236.797722488616,2439.3100907555786
2020-12-28,26.180550000000004,670.1990625000001,2399.481812693996,18.35902370805031,596.5133625000001,93.62925,3375.2565000000004,10.736550000000001,276.55897500000003,7466.915086402047,2453.0638542399292
2020-12-29,28.26174,653.2285499999999,2421.9117503223006,17.923718410230364,596.506482,87.2898,3339.3905999999997,10.240619999999998,245.87861999999998,7400.6318807325315,2453.5917073662426
2020-12-30,27.011232000000003,658.72008,2530.9363231474904,18.253464128136006,607.5199152,82.54656000000001,3340.2348,9.672048000000002,232.77542400000002,7507.669846475626,2453.4766399183777
2020-12-31,26.585831999999996,626.75769,2531.0551463794054,18.404889526896916,593.6148503999999,82.41168,3187.4770199999994,9.355632,241.31078399999998,7316.9735243063005,2466.937779725376
2021-01-01,25.690672000000003,626.5677599999999,2568.436295570327,22.39280765924609,588.2899792000001,86.9316,3240.56796,9.690856,261.036888,7429.604818429573,2461.8538896705127
2021-01-02,26.031676000000004,649.9848300000001,2817.774693138264,41.519085739405575,625.1483513,89.65814,3516.03714,9.354675,243.089484,8018.59807517767,2443.7063755136137
2021-01-03,30.226625999999996,776.3997075,2888.2067433683374,38.702434779702436,788.0694437,100.31544,4135.2253599999995,10.002211999999998,247.31275800000003,9014.460725348039,2453.4194743899425
2021-01-04,33.231750000000005,747.825,2816.4139270473147,38.686302986550515,845.7200125,100.22625000000001,4010.7462500000006,12.087625000000001,260.839,8865.776117533866,2452.917816816595
2021-01-05,38.075466,769.23627,2981.2045442966228,39.42891738544309,890.0747294999999,106.85267999999999,4078.7993400000005,14.20287,248.93289299999998,9166.807710182065,2457.676659398711
2021-01-06,49.105602000000005,835.65027,3233.6219203125265,41.275754584056735,978.8017239000001,127.00233,4357.108665,25.112997,274.857219,9922.536481796584,2458.0478341192056
2021-01-07,44.266470000000005,828.6467250000002,3480.5249428028337,38.72365525129249,996.2972910000001,118.02420000000002,4384.754325,23.101980000000005,359.079015,10273.418604054128,2461.5878196009844
2021-01-08,44.928576,807.7053599999999,3580.8782328250595,38.692055896327695,989.1686112,112.65408,4454.123519999999,21.95424,355.45910399999997,10405.563779921387,2453.101782912861
2021-01-09,48.935412,1062.524565,3541.271314446039,40.489188599351294,1038.4868571,129.88755,4589.58213,22.972704,360.221472,10834.371193145389,2457.0983437821133
2021-01-10,44.71848,1113.2343,3378.2726263575805,39.136510497179536,1024.1132616,120.21336000000002,4417.97076,21.143016000000003,350.502408,10509.30472245476,2447.2492410987925
2021-01-11,40.996590000000005,886.2520000000001,3142.7424573456965,35.2931234077266,889.4036965000001,108.84840000000001,3617.387725,20.13398,320.52285,9061.580822253422,2457.3821128766444
2021-01-12,42.312294,827.7003825,2976.347602081052,31.802043868143357,845.5728963,102.30231,3419.877615,20.533692,321.296625,8587.745460749195,2462.910436605988
2021-01-13,45.82065600000001,909.97578,3271.955159622854,34.196340428926156,912.1472359999999,116.93584000000001,3786.9532400000007,22.294104,336.29691199999996,9436.575268051782,2466.474034748361
2021-01-14,45.6768,964.9406999999999,3421.9887024387513,36.942289981511536,992.0627639999998,131.61360000000002,3908.5872000000004,22.22352,325.54967999999997,9849.585256420263,2466.5115290230983
2021-01-15,44.548364,906.4610799999999,3236.7063192950363,37.080368414627785,949.4106313999999,153.01971999999998,3715.6714699999998,20.95352,310.07520600000004,9373.926679109665,2456.7422578228266
2021-01-16,51.735264,903.0436800000002,3169.8000077934903,36.614469244719565,996.5123520000001,148.33136,3707.4357600000003,21.456784000000003,309.010144,9343.93982103821,2462.5410892597824
2021-01-17,56.09945600000001,883.091325,3150.4260466321275,36.01855377644308,998.8723228,171.48048000000003,3681.5268,22.377908,306.506626,9306.39951820857,2453.5584101577133
2021-01-18,54.700032,937.44906,3220.7240279815082,36.341141273122,1019.7216216,162.31704000000002,3918.4866,22.465032,315.21040800000003,9687.41496285463,2466.3280044151734
2021-01-19,53.97105600000001,932.992295,3148.799909252119,35.71426112399998,1106.6374066,151.09544,3908.1247099999996,21.907369,324.296672,9683.539118976118,2453.33423638525
2021-01-20,54.988956,910.420335,3101.7556122925903,35.62610913432412,1109.5322237999999,160.0731,3838.7141100000003,21.50181,324.51249600000006,9557.124752226915,2466.726134411398
2021-01-21,44.867188,762.2431050000001,2683.1621195382804,31.942857150195263,892.7943816000001,134.13526,3308.4997400000007,18.309718000000004,292.89720000000005,8168.851569288476,2458.458552840654
2021-01-22,51.070602,806.005995,2881.59101129174,33.478528299256965,993.7340292,157.81064999999998,3533.6770349999997,19.742808,299.305656,8776.416314790997,2462.910436605988
2021-01-23,50.666616,789.7794300000002,2805.211054861803,33.7717719255423,993.9638412000002,181.6848,3529.2272399999997,19.758222,298.468566,8702.531541987344,2457.4984400710723
2021-01-24,51.68828399999999,803.296485,2815.5247687007623,34.24632867382608,1118.8414655,181.28926999999996,3610.2452749999998,19.825543,299.803748,8934.761167874587,2456.745441980357
2021-01-25,50.250426,791.6895299999999,2820.5596798932847,32.864604423074525,1062.0188073,170.91881999999998,3513.9415499999996,19.120352999999998,293.94521999999995,8755.308990616359,2453.6865210102733
2021-01-26,50.066872,779.44188,2826.1361877041645,32.31793074554752,1095.3590296,168.4452,3436.7925199999995,19.075872,293.46653999999995,8701.102032049712,2470.6629122332483
2021-01-27,45.676152,692.5862900000001,2657.710622664314,29.21307056019358,1001.4144293999999,153.72064000000003,3143.1690500000004,17.454919999999998,275.87574400000005,8016.820918624508,2458.3729322951444
2021-01-28,50.217954000000006,738.2374900000001,2904.5370991770415,143.13244899663803,1066.8046169,167.90397000000002,3402.6275849999997,21.351022,289.172813,8783.98499907368,2449.379087453792
2021-01-29,50.83925,744.3926875000001,2989.825397598349,180.47727069327345,1109.6847685,166.41625000000002,3448.9127750000002,21.476840000000003,310.30961500000006,9022.334854291623,2457.417326416835
2021-01-30,53.26048,761.9614,2992.121362366457,111.1083621576394,1108.3718052,172.95024,3414.0479800000003,24.003796,486.30183600000004,9124.127261724097,2448.5381701101187
2021-01-31,50.506304,731.63098,2893.288970498324,145.63003406804805,1057.4105564000001,165.22944,3317.8086200000002,22.462708,543.814324,8927.781936966374,2456.827542326035
2021-02-01,59.88920000000001,758.9981875000002,2931.1872684433115,137.06838230577404,1107.0038100000002,167.596,3384.15,23.674400000000002,409.284375,8978.851623249087,2457.1629911985538
2021-02-02,62.373,789.60549,3107.111028038259,123.62780088501486,1220.375442,173.61708,3648.0133199999996,24.890496000000002,410.113482,9559.727138923274,2467.146464965032
2021-02-03,64.92394800000001,818.93208,3298.5657032482623,147.09390105699222,1344.8461774,184.31114000000002,4008.08779,25.409813999999997,437.6746800000001,10329.845233705253,2461.5856251853875
2021-02-04,64.41895199999999,772.2245700000001,3233.1982717217334,208.47842108073556,1287.5365932,179.56067999999996,3724.8392999999996,23.909651999999998,489.2423639999999,9983.408804002467,2462.320153810602
2021-02-05,78.647712,816.01377,3332.8237972734864,183.1091046569242,1379.5227303,191.80589999999998,3955.6867349999998,25.671359999999996,494.68419,10457.965299230409,2457.2225382908264
2021-02-06,92.800032,837.946695,3421.191315335021,226.63682919005916,1349.0848536,182.99628,3981.156480000001,27.61035,485.81782200000004,10605.240657125081,2461.687673879537
2021-02-07,96.560266,812.1483724999999,3382.1411440189395,305.80961494684107,1294.9036936,180.60318999999998,3855.0346099999997,28.153065,458.65030900000005,10414.00426506578,2461.588285575282
2021-02-08,98.61912,881.998875,4034.747423868663,308.3210327971081,1403.1886769999999,185.2389,4268.91465,28.941300000000002,493.27056,11703.240538665772,2453.418822009523
2021-02-09,102.467232,934.3454800000001,4024.446721094541,273.18534995106967,1413.2214998,200.40359999999998,4617.12468,29.051260999999997,518.972714,12113.218537845612,2461.7602737750253
2021-02-10,136.294088,897.1086599999999,3879.137007578945,282.7457616658697,1388.9820868,194.42611999999997,4613.93996,30.074043999999997,548.780596,11971.488324044814,2448.5849403397665
2021-02-11,134.6528,961.50515,4154.595984537835,271.2830956523885,1425.3093195000001,202.05175,4668.9189750000005,33.06829,574.7048250000001,12426.090189690225,2447.8082568727095
2021-02-12,134.11593000000002,1044.9920625,4096.925391072602,272.02388019067473,1468.6992979999998,222.22065,4990.388025,38.357185,662.84582,12930.568241763278,2456.9465209239042
2021-02-13,132.60412,1212.2093499999999,4087.0160053918285,258.51006672738055,1450.2177689999999,248.28777999999997,5747.292039999999,40.979465999999995,689.839166,13866.95576311921,2448.3786908297016
2021-02-14,122.288256,1305.9084,4203.842892659253,244.14512893734152,1435.5823679999999,240.34367999999998,5418.6048,37.406928,643.629648,13651.752101596594,2444.4575308955623
2021-02-15,124.21388,1289.021825,4122.8528451964685,218.91957883054005,1410.909038,234.97390000000001,5245.8518,35.58856,594.30588,13276.637307027007,2462.2544113712147
2021-02-16,125.6454,1274.14545,4237.13318848944,207.53418076360373,1415.3253872999999,230.78316,5313.50064,35.057955,563.035812,13402.161173553044,2453.3530837748162
2021-02-17,128.944134,1294.1930925,4495.707855265795,192.32670098863593,1469.661039,232.92620999999997,6001.878959999999,35.889282,578.730933,14430.258206754428,2449.057396364408
2021-02-18,131.289552,1262.965575,4417.706696727594,226.85176929229928,1531.6511364,233.17391999999995,5693.916165000001,35.658092999999994,572.7836940000001,14105.996601419894,2466.814196622458
2021-02-19,132.48198,1285.932375,4773.420017474612,211.59726129364148,1538.7693254999997,248.1354,5921.549550000001,36.70515,605.25576,14753.846819268256,2453.8736922874677
2021-02-20,160.07904,1217.07047,4782.102887989988,208.78534325093108,1504.8964568,243.41767999999996,5704.680519999999,34.884608,551.1897159999999,14407.106722040919,2457.144308532601
2021-02-21,157.39878,1264.5072825,4907.0287672301565,215.58456786024317,1522.7222009999998,244.11849,5693.675294999999,35.511399,584.487981,14625.0347635904,2452.3985993017163
2021-02-22,156.49802000000003,1121.5037575,4605.963320982243,205.3116927977462,1394.7818269000002,224.33285,5193.572965,33.040056,606.0268130000001,13541.03130217999,2444.3820629336183
2021-02-23,136.52704,916.0936,4142.043195587759,181.7475378926586,1231.6690408,183.92832000000004,4410.8736,27.440232,506.54086400000006,11736.86343028042,2448.424395881226
2021-02-24,148.76917999999998,934.4697074999999,4204.511267960612,216.4114552667685,1266.3852355,199.18618999999998,4503.0686399999995,28.704367999999995,498.7242119999999,12000.230256227378,2452.9141849877224
2021-02-25,154.03253999999998,891.2827625,4018.9631865637657,191.80293093201445,1164.0097457999998,176.70121,4484.60663,27.209554999999995,467.074716,11575.683276795779,2447.9982213572594
2021-02-26,179.06658000000002,872.175255,3980.422296770538,195.40409123133028,1144.1799831,181.44357000000002,4294.104465,28.840812,462.526239,11338.163292101868,2457.104274813514
2021-02-27,189.68904,871.9344,3973.307493215552,194.22063089941904,1157.900733,189.03942000000004,4340.43603,31.629276,472.049982,11420.207005114971,2454.1143108622623
2021-02-28,188.21952000000005,825.1281225000001,3865.694332015809,185.64711325691334,1119.5704476,177.1731,4145.169105000001,29.086515000000006,447.1719930000001,10982.860248372723,2448.4519325529045
2021-03-01,186.44256000000001,901.4807075000001,4257.683992832601,195.5580198579046,1242.0095556,199.31803000000002,4427.866940000001,30.965865,480.56433000000004,11921.890000790503,2452.7116020981525
2021-03-02,175.79402000000002,928.9916199999999,4155.360953211236,194.5065620695308,1175.5538729,204.68576000000002,4500.391595,30.084782,469.5051490000001,11834.874314180768,2456.9648307776124
2021-03-03,174.84182,939.540555,4331.5368701819525,195.24148890426062,1243.4121788,215.12895,4739.17906,30.312641999999997,484.951823,12354.14538788621,2465.768797041296
2021-03-04,160.46160000000003,911.4889875000001,4165.558817895235,193.82971785868867,1221.5463975,199.78335000000004,4561.359075,29.711370000000002,520.46124,11964.200555753923,2457.6382536216815
2021-03-05,167.61458,899.138695,4208.592793518161,192.47200965511433,1215.9512211,201.23872999999995,4563.881805,29.285549999999997,493.486826,11971.662210273273,2457.737243308525
2021-03-06,163.11792000000003,903.5598600000001,4213.795334351083,197.83724156361993,1311.1877855999999,203.3556,4619.3868,28.997136,501.49008,12142.727757514702,2457.1399851619844
2021-03-07,163.37539999999998,934.0048724999999,4396.62455259397,201.97561239349722,1373.0625249,206.67710999999997,4825.7550949999995,29.834083000000003,504.87336000000005,12636.182610387466,2466.162980271757
2021-03-08,161.97584000000003,958.00089,4527.904432573497,245.13934782610136,1460.3208576000002,230.72140000000002,4860.86888,30.27992,515.055644,12990.2672119996,2454.019799376057
2021-03-09,172.58346,982.694835,4722.703905401244,224.35176052886732,1482.8913,227.01140999999998,5140.413495,31.121252999999996,524.548467,13508.31988593011,2457.3727442547583
2021-03-10,162.9254,982.4595750000001,4793.148324902159,215.8780334343789,1419.926497,214.981,5038.2846500000005,29.41429,498.03691999999995,13355.054690336538,2457.9904178782567
2021-03-11,160.97928,983.8139849999999,4938.85805300243,215.23821635886114,1437.9015881999999,215.68931999999998,5045.533185,29.023533,485.207877,13512.24503756129,2456.908530995074
2021-03-12,148.44288,968.3668399999999,4913.513959324096,213.6190772333527,1397.9327735999998,203.96512,5554.9569599999995,27.789887999999998,474.0175279999999,13902.605026157447,2461.4295266092618
2021-03-13,157.91600000000003,1066.11245,5241.630734110029,242.2115386116536,1517.2411364,213.47372,5683.07383,29.207282,492.92043799999993,14643.787129121685,2452.9086669190524
2021-03-14,151.488,994.23,5069.331549732232,225.27115665926405,1464.31296,205.56,5396.831999999999,28.008,474.4223999999999,14009.456066391498,2457.856952361431
2021-03-15,148.58772,942.9591449999999,4784.5959673181205,220.6182161291768,1421.4454716,198.23706,5060.0892300000005,27.649421999999998,470.8472460000001,13275.029478047298,2453.589369580476
2021-03-16,179.90596,951.9243499999999,4891.293983986806,226.99799691961087,1429.8699558,201.00782,5081.731199999999,28.476708,497.3557159999999,13488.563690706414,2463.0754435186195
2021-03-17,196.99362,968.1585500000001,5028.914170091387,222.5320998503314,1434.7687684,222.17218,5155.81087,28.812284000000002,504.07191000000006,13762.234452341718,2457.6926670824087
2021-03-18,176.80394,949.5659125000001,4949.591800962282,221.68911719412588,1405.5014105,211.40227,5028.05086,28.376385000000003,506.12105900000006,13477.10275515641,2457.2416870961015
2021-03-19,187.257,962.6202750000001,5008.372584260838,226.32634940541007,1438.85676,215.3094,5062.012199999999,28.572959999999995,506.02047,13635.347998666248,2461.950741580909
2021-03-20,173.376,968.23272,5010.781206187435,228.35138439505738,1434.5715384,214.19160000000002,5057.81136,30.015719999999998,569.0706,13686.402128982492,2457.1399851619844
2021-03-21,171.87512,948.4470550000002,4959.884859532179,223.8288073263198,1421.3731862,211.65566,4955.539400000001,29.237610000000004,561.485294,13483.326992058499,2457.4734034353773
2021-03-22,159.44681999999997,921.5801724999999,4673.949443335822,213.59578077012608,1338.8616241,197.24483999999998,4705.27421,28.420924999999997,590.771467,12829.145282705946,2457.5638167883603
2021-03-23,162.80208000000002,931.69909,4731.815434590049,209.12265024306052,1338.7524304,195.33332000000001,4745.33052,28.818594,600.923484,12944.597603233111,2466.7468549316477
2021-03-24,156.6085,868.928125,4573.0165556437305,202.72893994105007,1274.8495925000002,182.17275000000004,4516.045625000001,26.553125,528.44015,12329.343363084781,2457.1629911985538
2021-03-25,159.95024,862.87025,4468.12509623021,201.0520728782913,1273.1389671000002,186.36538,4383.59978,26.364061000000003,558.979388,12120.4452352085,2470.55703178292
2021-03-26,176.29707999999997,917.9719249999999,4768.753028880849,210.43973607857714,1356.8245866999998,198.87878999999998,4662.614845,27.918545,613.743286,12933.441822659426,2457.1873630048167
2021-03-27,170.9004,908.226,4838.614890391958,212.40054591666248,1367.897982,195.1488,4677.218699999999,27.71868,596.3291399999999,12994.45513830862,2456.848954057977
2021-03-28,172.9546,903.2881,4837.890768604926,209.59824740548052,1348.217442,193.73822,4685.289245,28.879057999999997,594.7240129999999,12974.579694010408,2457.4252450114095
2021-03-29,174.57847999999998,940.8465649999999,4995.234512301241,211.2102175616823,1451.2083057999998,203.62647999999996,4923.781239999999,29.37479,615.991888,13545.852478662924,2457.5257719516567
2021-03-30,176.56416000000002,956.4802500000001,5107.4871983183575,211.38033817065607,1474.602096,202.71371999999997,4990.70544,29.194272,614.2524360000001,13763.379910489013,2462.3711042877408
2021-03-31,173.10223999999997,982.2499275,5091.472978461401,209.8154016121842,1532.6206576999996,213.61862000000002,4998.32718,29.450616,620.3943619999999,13851.051983273586,2461.7602737750253
2021-04-01,171.46687999999997,1006.2636674999999,5075.399101830781,241.84692612248747,1567.5874356999998,217.73686999999998,5132.312185,30.716321999999998,619.981661,14063.311049153268,2457.5638167883603
2021-04-02,172.3358,1050.994945,5095.836056835532,224.06349165137294,1699.6487936999997,235.26009000000002,5364.965515,31.795230999999998,659.090302,14533.990225186906,2457.5638167883603
2021-04-03,168.86184,964.1618699999999,4948.6274260844975,216.75419541329742,1605.8252364000002,212.82113999999999,4964.38551,29.674343999999998,630.79779,13741.909351897797,2461.6631424614807
2021-04-04,171.6264,1017.6523500000001,5043.130597683124,223.91012729899447,1657.6699919999999,223.245,5139.9348,31.101840000000003,691.41336,14199.684466982117,2447.704392099096
2021-04-05,174.38256,1163.70144,5076.642913371535,231.96506083344008,1666.997277,232.94172000000003,5572.112700000001,38.603004,987.23262,15144.579295204974,2466.6447323675598
2021-04-06,181.84047999999999,1201.9699299999997,5025.932456669927,251.32923154050886,1686.0454094,252.20925999999994,6022.81232,39.258371999999994,1192.92874,15854.326199610434,2466.672853073612
2021-04-07,171.38052,1123.7357925000001,4874.9661855627,230.5652416527392,1575.8081163,227.07189000000002,5596.21629,34.619157,1002.4300619999999,14836.79325501544,2457.4436465429303
2021-04-08,177.82772000000003,1172.76579,5056.7418783219955,242.16677285878683,1669.1560424000002,239.17026,5778.48915,36.922228000000004,1157.41192,15530.651761580782,2462.153161066077
2021-04-09,175.99683999999996,1155.2354975,5079.697899076672,242.31567138395852,1664.5355044999997,231.27038999999996,5662.7935,35.73380099999999,1118.86843,15366.44753346063,2466.8484841500144
2021-04-10,178.02276,1230.5256450000002,5217.795783456788,250.4561005201278,1716.7515882,233.24346,6539.264550000001,41.119308000000004,1504.2703800000004,16911.449575176917,2457.081384198596
2021-04-11,184.9232,1261.288875,5238.653240176988,292.1994234509043,1730.8504289999998,247.83220000000003,6461.0469,42.67571,1482.38475,16941.85472762789,2466.631165360253
2021-04-12,191.39723999999998,1221.1406099999997,5203.575411027094,276.83108791185373,1712.7037818000001,241.14013,6233.446869999999,43.020680999999996,1601.6773600000001,16724.933171738947,2466.6198184086884
2021-04-13,206.43439999999998,1361.9809249999998,5546.664046504201,370.84315109574413,1848.9073349999999,259.6512,6841.9407,48.00477,1968.2905999999998,18452.717127599946,2466.7483349688077
2021-04-14,211.52678,1484.7328549999997,5477.881280029958,475.54052003886176,1950.0655305999999,301.47304,7112.861315,46.350751,2003.2358700000002,19063.66794166882,2466.853910952937
2021-04-15,215.46284000000003,1575.2804575,5494.252077882531,714.4859213763459,2015.4915945999996,310.21984000000003,7288.380435,46.62044399999999,1921.08884,19581.282450358874,2466.853910952937
2021-04-16,205.09859999999998,2006.6752475,5324.865652802502,1428.1802466665836,1938.1206767999997,305.39327000000003,7858.62196,44.336208,1684.7177199999999,20796.009581769085,2462.2406352031103
2021-04-17,199.50912,1806.88468,5222.905026060132,1106.263107732274,1859.4986476,291.02371999999997,7686.2055199999995,43.008216,1687.4417199999998,19902.739757392406,2447.700740813081
2021-04-18,186.90171999999998,1780.35963,4905.112903517178,1267.5164432912347,1800.2653218,285.98744,7002.33807,39.839192,1546.5861200000002,18814.906840608415,2426.1634911634487
2021-04-19,171.38675999999998,1598.9100024999998,4765.407297931169,1577.1062331824994,1706.2025639999997,256.50598,6564.478934999999,35.798876,1409.20395,18085.00059861367,2461.6069576885266
2021-04-20,182.57469999999998,1695.7147625000002,4853.8952607642295,1228.5842645414145,1847.893729,280.995,6578.7414,38.14327,1496.8387500000001,18203.38113680564,2471.399446971633
2021-04-21,173.35191999999998,1638.024465,4621.095383673964,1183.0702840909835,1865.8670557999997,260.81976999999995,6494.145909999999,35.260702,1394.0863499999998,17665.721840564947,2466.5833108253914
2021-04-22,165.58256,1544.88239,4466.114335827891,1013.9125418568568,1910.1858863999998,254.23581000000001,6403.2976,32.552026,1261.91569,17052.678840084747,2462.5492015156487
2021-04-23,167.73048,1518.9992100000004,4415.182844219584,971.3860977009892,1884.0054816,254.77956000000003,6113.6964,32.612652000000004,1269.99036,16628.38308552057,2457.651763412743
2021-04-24,159.84676,1396.52158,4328.287727963529,1051.3879258543204,1764.5633104,226.36504,5701.4064100000005,30.802746,1141.10008,15800.28158021785,2452.9099395266953
2021-04-25,157.75859999999997,1370.8622249999999,4234.40480583422,977.5744121957282,1844.8971749999998,229.11870000000002,5662.246799999999,30.091260000000002,1122.4575,15629.411478029946,2452.843967068139
2021-04-26,178.49483999999998,1529.8399125,4646.41980755482,1052.2178925857427,2008.3423337999998,253.25217,6242.020785,35.028531,1476.90783,17422.524102440562,2461.912905905005
2021-04-27,186.37301999999997,1603.84578,4727.166829124659,1044.954447656606,2113.2156397000003,264.78518,6553.072855000001,36.734079,1514.33484,18044.482670481266,2456.690992903876
2021-04-28,191.68188000000004,1630.0660025000002,4688.215854276962,1243.7491604237393,2164.4752272,259.51549,6480.72425,35.628762,1460.10592,18154.162546400705,2471.128296282122
2021-04-29,187.77668,1582.1371474999996,4595.263667994613,1177.5635053439717,2180.4848065,262.18282999999997,6424.4857950000005,35.326746,1507.5333,17952.754478338586,2466.703687181127
2021-04-30,196.64502000000002,1807.629915,5004.364084568194,1318.0437581395506,2216.2932935000003,276.8727,6895.29295,38.478764999999996,1742.9899500000001,19496.610436207742,2466.5786240410484
2021-05-01,196.93232,1828.1240374999998,5024.385900271661,1529.948710091102,2359.1756352999996,300.49657999999994,7053.476254999999,39.31363399999999,1803.63495,20135.48802216276,2466.6198184086884
2021-05-02,192.86617999999999,1766.9347150000003,4907.478342530777,1460.5877497605684,2358.0695567,286.75582,6838.8283599999995,40.433588,1701.49538,19553.449691991347,2466.5786240410484
2021-05-03,196.37316,1830.2569649999998,4918.160142598045,1710.0477827221903,2718.8375841,303.13845,7432.695269999999,39.692753999999994,1680.4899899999998,20829.692098420233,2461.912905905005
2021-05-04,183.5912,1718.6377,4591.132195185207,2091.7257507428885,2574.2861716,329.09084,7719.93768,36.262876,1504.8696,20749.534013528097,2461.269704031371
2021-05-05,213.416,2619.64535,4942.761814946469,2534.042558498641,2795.019227,357.4718,8984.1647,43.562819999999995,1745.4689000000003,24235.55317044511,2466.79520281223
2021-05-06,238.28050000000002,2725.0351875,4863.149869925397,2256.262463496211,2773.3198625,340.65875,8952.027875,46.969725000000004,1737.25125,23932.95548342161,2466.58059742393
2021-05-07,237.83364000000003,2412.1482,4921.428513496997,2666.824982715116,2753.5862309999998,353.44122000000004,8697.581970000001,45.343782,1704.9060600000003,23793.094599212116,2466.6447323675598
2021-05-08,233.19706000000002,2513.5758675,5053.727966924894,2462.73995753056,3093.9466690000004,349.57980000000003,8735.39499,44.258528999999996,1685.2479700000001,24171.668809955456,2452.7116020981525
2021-05-09,252.64396000000002,2553.8177075,4972.178008525274,2193.4153770011935,3086.8363779000006,373.88731000000007,9701.506605,44.877922,1645.9053000000001,24825.068567926468,2466.7024538168266
2021-05-10,233.16399999999996,2342.59175,4730.131886870863,1719.6766650801205,3082.3727,328.9429999999999,8924.877499999999,46.6328,1480.4209999999998,22888.81130195098,2454.276081925009
2021-05-11,250.24021999999997,2745.6163899999997,4800.064883462345,1881.4245735366005,3255.9481757,346.54650999999996,9362.504340000001,52.02101,1573.47587,24267.841972698945,2466.647939114741
2021-05-12,222.26454,2185.8315075,4204.2176206084305,1490.5989684363892,2983.2498134999996,294.79446,7760.913930000001,41.959692000000004,1362.13173,20545.962262044824,2409.0331177063267
2021-05-13,275.604,2238.26505,4233.831597175207,1877.8593816867365,2920.23501,309.0906,7933.8252,46.41,1457.8452,21292.96603886194,2449.5163295718826
2021-05-14,285.91722000000004,2309.0985250000003,4237.784931585479,2142.4916729654287,3194.3029393,331.71811,8132.329100000001,47.538902,1496.8272200000001,22178.008620850913,2466.899298759198
2021-05-15,310.50299999999993,2087.4902549999997,3985.1427618899856,1950.6007743733085,2863.5985708,296.15562,7487.90476,48.58836599999999,1589.34708,20619.331188063297,2466.8119765667166
2021-05-16,327.01399999999995,2069.536535,3937.956289173007,1918.6073947986413,2797.647424,282.58275,7365.919260000001,50.530772,1543.22172,20293.01614497165,2458.35712396166
2021-05-17,286.93968000000007,1886.93568,3670.397183533898,1850.6581410252006,2549.4760104,262.63952,6954.8612,45.435648,1584.102,19091.4450629591,2454.0293447585054
2021-05-18,283.48584,1926.932755,3617.3795998713003,1808.1635111858966,2625.8901515000002,301.09761000000003,7284.05832,45.684507,1687.8299900000002,19580.522284557195,2467.0300353750577
2021-05-19,208.99295999999998,1238.2227,3119.257036246489,1262.1878677092966,1910.3717159999999,186.96744,4663.03068,31.783752000000003,1141.1215200000001,13761.935671955785,2457.8943608943123
2021-05-20,254.98557999999997,1446.2220025000001,3423.035925376608,1512.582876143159,2156.2393313999996,216.68819000000002,5212.727835,34.991496999999995,1249.93903,15507.412267419764,2454.001744192501
2021-05-21,219.89604,1220.199435,3157.0887445406706,1364.825797058943,1897.9902941999999,181.3539,4471.74,29.726424,1072.0819199999999,13614.902554799615,2462.5252462997
2021-05-22,207.77526,1118.0702024999998,3173.680796747382,1305.1081752538325,1791.8585288999996,165.45329999999998,4209.685829999999,27.651294,964.1737799999999,12963.457167401215,2461.814419127428
2021-05-23,186.61428,979.6717124999999,2935.2656968709325,1168.8731990650551,1636.9097381999998,140.88384,3541.375215,25.925750999999998,842.6472660000001,11458.166698635989,2457.3422748801813
2021-05-24,219.54200000000003,1330.583865,3279.292210652629,1392.5770169699854,2062.5956736000003,187.03562000000002,4568.491970000001,31.026242000000003,1054.36816,14125.512758222614,2462.215141579571
2021-05-25,219.62525999999997,1271.5248975,3235.451239207345,1314.7943448777362,2104.1549463,194.4525,4545.062024999999,30.440654999999996,1033.313514,13948.81938188508,2461.879194002465
2021-05-26,252.54683999999997,1355.3631,3324.4528920148723,1345.7533292409028,2252.3707206,241.47396000000003,4939.53369,31.465434000000002,1097.77668,14840.736645855775,2462.5252462997
2021-05-27,233.0902,1319.35391,3237.8207262457004,1263.9892459038886,2123.5665066,223.44266000000002,4774.1239000000005,29.534148000000002,1026.2236180000002,14231.14491474959,2453.3348391346467
2021-05-28,213.81715999999997,1216.641545,3007.8518942481687,1181.7187130410437,1874.8987994000001,197.00008,4385.54823,28.186274,952.616922,13058.279617689212,2461.8813562648666
2021-05-29,198.3842,1151.932775,2919.1269903678617,1150.4723250208165,1771.2350810000003,179.3659,4049.766699999999,25.9469,881.1340999999999,12327.364971388673,2461.5310283690324
2021-05-30,222.579,1168.89305,3006.2771735959377,1146.024124665125,1854.4490887999998,189.51012,4219.1086000000005,26.476302,960.156344,12793.473803061062,2461.8813562648666
2021-05-31,244.67382000000003,1237.1909875000001,3131.8324075487667,1232.3752735503974,2096.729272,226.08030000000002,4637.498565000001,28.355118,1100.75047,13935.486213599166,2466.99007437172
2021-06-01,245.33151999999998,1220.457185,3094.603151941847,1405.379484885894,2047.4038838000001,217.06752,4524.78376,29.557078,1071.5588999999998,13856.14248362774,2466.331457835215
2021-06-02,247.59372,1231.71873,3166.760629618159,1606.8652481629974,2101.9350924,216.59154000000004,4627.26957,29.575656000000002,1084.7232000000001,14313.033386181158,2466.6772931850946
2021-06-03,261.69480000000004,1274.2373700000003,3321.778932928303,1527.5566711645063,2228.1631416,228.3624,4798.34082,30.162276000000002,1111.671,14781.967411692813,2466.6595327391674
2021-06-04,241.75032,1186.5652049999999,3111.5219542847412,1431.1472003881001,2092.4105895,204.02990999999997,4422.594225,27.203988000000003,1027.9979429999999,13745.221335172842,2466.6795132408356
2021-06-05,234.6128,1150.2938,3004.338131967468,1414.3260791305029,2049.5526128,192.29744,4291.53592,26.565824000000003,981.234368,13344.756975897972,2462.5527580733565
2021-06-06,237.09426000000002,1159.4043625,3020.3259305818065,1410.914746044694,2108.4430609,194.60957,4362.173865,26.883407,1002.7659259999999,13522.6151280265,2462.926593183745
2021-06-07,221.33844,1053.5306925,2831.3002946338856,1258.9819841711585,2015.564936,173.70685999999998,4003.52617,24.473021000000003,913.946842,12496.369240305046,2462.229768571159
2021-06-08,223.91628000000003,1052.951445,2819.5928735088105,1239.4655131716233,1951.8889698,170.41415999999998,3980.2109549999996,24.727037999999997,926.9383829999999,12390.105617480436,2462.2224839720334
2021-06-09,230.88295999999997,1123.2143999999998,3163.4996654711945,1307.8431316702756,2035.4048945999998,181.45869,4277.9648449999995,25.875059,979.876926,13326.02057174147,2466.311724006406
2021-06-10,216.58223999999998,1061.8075000000001,3092.3605821756096,1237.9479380273187,1919.6462384,163.24904,4155.1154400000005,23.925767999999998,920.170768,12790.80551460293,2462.9270287361273
2021-06-11,203.91030000000003,1023.8262375,3161.710959493387,1215.1652867612945,1836.9997965,152.40060000000003,4043.4759750000003,22.54791,901.7248350000001,12561.76190025468,2463.2345934348136
2021-06-12,209.92926,1028.5504675,3010.7585043133204,1190.7171130308668,1849.7663382,153.79199,4017.04394,23.263966,886.046256,12369.86783504419,2457.7086889463967
2021-06-13,220.72032,1087.4764,3300.8235594282937,1233.7738137095876,1955.9910128000001,165.22127999999998,4239.93528,24.439424,939.01824,13167.399329937882,2467.016715040613
2021-06-14,223.71322,1136.8837725,3429.9393393216315,1249.129004346896,2013.8048392,177.11221,4461.8871149999995,24.328990000000005,947.454568,13664.253058368526,2462.540235550829
2021-06-15,221.24540000000002,1115.848685,3409.277985801895,1224.5363764223437,1990.7113314,174.15072,4363.79874,23.732304,924.5283260000001,13447.82986862424,2467.292001952499
2021-06-16,212.38469999999998,1060.743585,3273.186209992819,1182.8680052268892,1862.8183375999997,164.75903999999997,4166.494395,22.704424999999997,892.244572,12838.203269819707,2466.012756499948
2021-06-17,212.98846,1075.1931774999998,3263.9596388320547,1181.6558367735115,1873.9429885,168.03539999999998,4198.80251,22.792494,906.349915,12903.720420605565,2458.4563721932805
2021-06-18,205.40496,1020.8778824999999,3100.3756305663924,1143.2221539703808,1780.8124080999999,153.98119,3964.4535349999996,21.54141,866.704488,12257.373658136772,2453.49045549485
2021-06-19,201.28895999999995,1003.93596,3080.320792343451,1116.5161310911587,1733.1386687999996,147.25799999999998,3885.2477999999996,21.008808,827.757216,12016.472336234609,2466.481928279884
2021-06-20,206.82703999999998,1008.22743,3081.453795194101,1093.1796850072565,1789.8922272000002,157.0058,3929.1335999999997,21.560195999999998,842.269036,12129.548809401356,2462.286668299644
2021-06-21,168.86816,819.0429399999998,2714.391225529448,690.6772046607587,1492.4637023999999,124.85311999999999,3134.92088,16.965927999999998,655.1120879999999,9817.295248590206,2470.4884370236246
2021-06-22,166.05264,796.2310200000001,2783.9139295912364,735.4175920589475,1482.5680584000002,120.9156,3003.12012,16.813368,588.173664,9693.205992050185,2465.783350740042
2021-06-23,179.31834,847.318575,2880.1966217003073,903.9645209112207,1551.3860207999999,131.8728,3235.3988099999997,18.318852,686.0037390000001,10433.778279411528,2461.7129114316976
2021-06-24,194.09412000000003,880.3837350000001,2909.081078030033,923.9941589865363,1555.9348662,135.39108,3369.957360000001,18.92022,703.9904520000001,10691.74707021657,2464.0818221044356
